{
    "world_size": 4,
    "tensor_size_mb": 100,
    "use_gloo": false,
    "warmup_iters": 5,
    "benchmark_iters": 10,
    "output": [
        [
            14.535903930664062,
            14.56332778930664,
            14.550687789916992,
            14.536704063415527,
            14.58739185333252,
            14.577759742736816,
            14.542847633361816,
            14.6310396194458,
            14.506431579589844,
            14.508352279663086
        ],
        [
            14.528127670288086,
            14.592000007629395,
            14.534751892089844,
            14.548128128051758,
            14.59609603881836,
            14.57868766784668,
            14.538911819458008,
            14.616576194763184,
            14.507967948913574,
            14.532608032226562
        ],
        [
            14.514176368713379,
            14.592000007629395,
            14.553631782531738,
            14.556991577148438,
            14.558943748474121,
            14.601663589477539,
            14.542911529541016,
            14.622143745422363,
            14.508447647094727,
            14.523391723632812
        ],
        [
            14.521568298339844,
            14.576640129089355,
            14.571392059326172,
            14.552543640136719,
            14.552000045776367,
            14.590496063232422,
            14.561280250549316,
            14.622079849243164,
            14.503487586975098,
            14.524064064025879
        ]
    ]
}