{
    "world_size": 2,
    "tensor_size_mb": 100,
    "use_gloo": false,
    "warmup_iters": 5,
    "benchmark_iters": 10,
    "output": [
        [
            11.784064292907715,
            9.94489574432373,
            10.006431579589844,
            10.00972843170166,
            9.889823913574219,
            9.948991775512695,
            9.960320472717285,
            9.979999542236328,
            9.944479942321777,
            10.000096321105957
        ],
        [
            10.155712127685547,
            9.924768447875977,
            10.04428768157959,
            9.971712112426758,
            9.93075180053711,
            9.938943862915039,
            9.95257568359375,
            10.000351905822754,
            9.948287963867188,
            9.965567588806152
        ]
    ]
}