{
    "world_size": 4,
    "tensor_size_mb": 1,
    "use_gloo": false,
    "warmup_iters": 5,
    "benchmark_iters": 10,
    "output": [
        [
            0.2006399929523468,
            0.21651199460029602,
            0.2027519941329956,
            0.19660800695419312,
            0.20479999482631683,
            0.20684799551963806,
            0.19660800695419312,
            0.20800000429153442,
            0.19753600656986237,
            0.20147199928760529
        ],
        [
            0.21510399878025055,
            0.22563199698925018,
            0.2030079960823059,
            0.19660800695419312,
            0.2059839963912964,
            0.20953600108623505,
            0.20105600357055664,
            0.20441600680351257,
            0.20214399695396423,
            0.19846400618553162
        ],
        [
            0.21359999477863312,
            0.22191999852657318,
            0.20284800231456757,
            0.19651199877262115,
            0.2011840045452118,
            0.20720000565052032,
            0.1990399956703186,
            0.2027519941329956,
            0.20163199305534363,
            0.1971520036458969
        ],
        [
            0.21171200275421143,
            0.22204799950122833,
            0.20070399343967438,
            0.19782400131225586,
            0.20070399343967438,
            0.20694400370121002,
            0.19654400646686554,
            0.20684799551963806,
            0.19836799800395966,
            0.19833600521087646
        ]
    ]
}