{
    "world_size": 8,
    "tensor_size_mb": 10,
    "use_gloo": false,
    "warmup_iters": 5,
    "benchmark_iters": 10,
    "output": [
        [
            2.1590399742126465,
            2.1692159175872803,
            2.176255941390991,
            2.1588799953460693,
            2.1740479469299316,
            2.171999931335449,
            2.1524479389190674,
            2.137727975845337,
            2.146656036376953,
            2.1667840480804443
        ],
        [
            2.1356799602508545,
            2.1934080123901367,
            2.165503978729248,
            2.202847957611084,
            2.144256114959717,
            2.1770238876342773,
            2.1831679344177246,
            2.1053760051727295,
            2.1722559928894043,
            2.1831679344177246
        ],
        [
            2.1688320636749268,
            2.181119918823242,
            2.1474881172180176,
            2.1872639656066895,
            2.1651840209960938,
            2.161247968673706,
            2.1691839694976807,
            2.109855890274048,
            2.1565439701080322,
            2.200671911239624
        ],
        [
            2.1224000453948975,
            2.2366080284118652,
            2.0992000102996826,
            2.200256109237671,
            2.1288959980010986,
            2.263040065765381,
            2.1339199542999268,
            2.1509439945220947,
            2.1603519916534424,
            2.1532480716705322
        ],
        [
            2.1694400310516357,
            2.223520040512085,
            2.076672077178955,
            2.206943988800049,
            2.141983985900879,
            2.198335886001587,
            2.176896095275879,
            2.1042559146881104,
            2.2220799922943115,
            2.1422080993652344
        ],
        [
            2.1694719791412354,
            2.189311981201172,
            2.17305588722229,
            2.181119918823242,
            2.1582720279693604,
            2.1832640171051025,
            2.1570560932159424,
            2.121216058731079,
            2.1831679344177246,
            2.197376012802124
        ],
        [
            2.150399923324585,
            2.1943359375,
            2.1690878868103027,
            2.184864044189453,
            2.156480073928833,
            2.172032117843628,
            2.169663906097412,
            2.110464096069336,
            2.174976110458374,
            2.1751039028167725
        ],
        [
            2.178976058959961,
            2.1812479496002197,
            2.1667840480804443,
            2.1524479389190674,
            2.166016101837158,
            2.1585919857025146,
            2.1466240882873535,
            2.1380159854888916,
            2.1483519077301025,
            2.1471359729766846
        ]
    ]
}