{
    "world_size": 8,
    "tensor_size_mb": 1024,
    "use_gloo": false,
    "warmup_iters": 5,
    "benchmark_iters": 10,
    "output": [
        [
            212.85658264160156,
            212.48204040527344,
            213.41305541992188,
            212.8335418701172,
            212.81715393066406,
            212.9264373779297,
            212.9435272216797,
            212.57626342773438,
            213.1519012451172,
            213.84739685058594
        ],
        [
            212.75852966308594,
            212.50047302246094,
            213.3915557861328,
            212.61721801757812,
            212.79571533203125,
            212.94076538085938,
            212.94224548339844,
            212.55218505859375,
            213.15126037597656,
            213.81741333007812
        ],
        [
            212.5221405029297,
            212.87767028808594,
            213.4014129638672,
            212.89984130859375,
            212.765625,
            212.8486328125,
            213.06777954101562,
            212.55987548828125,
            213.07699584960938,
            213.67596435546875
        ],
        [
            212.12979125976562,
            212.9411163330078,
            213.3975067138672,
            211.9736328125,
            212.8651580810547,
            212.62567138671875,
            213.03500366210938,
            212.6544952392578,
            212.86697387695312,
            214.12661743164062
        ],
        [
            212.39305114746094,
            212.25506591796875,
            213.41078186035156,
            212.55209350585938,
            212.86460876464844,
            212.70118713378906,
            212.8558349609375,
            212.65472412109375,
            212.7506866455078,
            214.1058807373047
        ],
        [
            212.40028381347656,
            212.89369201660156,
            213.39173889160156,
            212.8904571533203,
            212.7657928466797,
            212.85125732421875,
            213.06982421875,
            212.55967712402344,
            213.09237670898438,
            213.89491271972656
        ],
        [
            212.6192626953125,
            212.61216735839844,
            212.40191650390625,
            212.82406616210938,
            212.74156188964844,
            212.92431640625,
            212.9361572265625,
            212.32640075683594,
            213.13705444335938,
            213.68797302246094
        ],
        [
            212.71279907226562,
            212.55398559570312,
            213.4036407470703,
            212.82339477539062,
            212.80953979492188,
            212.92172241210938,
            212.9404754638672,
            212.58636474609375,
            213.15174865722656,
            213.8357696533203
        ]
    ]
}