{
    "world_size": 4,
    "tensor_size_mb": 10,
    "use_gloo": false,
    "warmup_iters": 5,
    "benchmark_iters": 10,
    "output": [
        [
            1.4977279901504517,
            1.511423945426941,
            1.4912960529327393,
            1.506592035293579,
            1.5017600059509277,
            1.505728006362915,
            1.5074559450149536,
            1.509503960609436,
            1.7028800249099731,
            1.5411200523376465
        ],
        [
            1.5097919702529907,
            1.5164799690246582,
            1.497056007385254,
            1.514623999595642,
            1.5126399993896484,
            1.5162559747695923,
            1.512895941734314,
            1.5149439573287964,
            6.544095993041992,
            1.5402560234069824
        ],
        [
            1.511423945426941,
            1.5179200172424316,
            1.5016319751739502,
            1.50655996799469,
            1.511423945426941,
            1.5188159942626953,
            1.5155199766159058,
            1.515936017036438,
            6.491424083709717,
            1.5580159425735474
        ],
        [
            1.4948480129241943,
            1.504863977432251,
            1.509376049041748,
            1.4981440305709839,
            1.4986560344696045,
            1.4978879690170288,
            1.50547194480896,
            1.521664023399353,
            6.532991886138916,
            1.5573760271072388
        ]
    ]
}