{
    "world_size": 8,
    "tensor_size_mb": 1,
    "use_gloo": false,
    "warmup_iters": 5,
    "benchmark_iters": 10,
    "output": [
        [
            0.23164799809455872,
            0.24889600276947021,
            0.25385600328445435,
            0.23446400463581085,
            0.25407999753952026,
            0.2519040107727051,
            0.2359679937362671,
            0.22659200429916382,
            0.23839999735355377,
            0.27033600211143494
        ],
        [
            0.2314240038394928,
            0.25600001215934753,
            0.2436159998178482,
            0.2314240038394928,
            0.255264014005661,
            0.2471040040254593,
            0.23756800591945648,
            0.2250239998102188,
            0.24003200232982635,
            0.26313599944114685
        ],
        [
            0.23238399624824524,
            0.2556160092353821,
            0.2504960000514984,
            0.2327679991722107,
            0.2544960081577301,
            0.24777600169181824,
            0.23948800563812256,
            0.22323200106620789,
            0.23683199286460876,
            0.2662400007247925
        ],
        [
            0.2274239957332611,
            0.2540479898452759,
            0.23321600258350372,
            0.2271679937839508,
            0.21721599996089935,
            0.23580799996852875,
            0.2375359982252121,
            0.22169600427150726,
            0.23497599363327026,
            0.2393919974565506
        ],
        [
            0.21929599344730377,
            0.24931199848651886,
            0.25088000297546387,
            0.23737600445747375,
            0.2521919906139374,
            0.24876800179481506,
            0.2380799949169159,
            0.22620800137519836,
            0.23552000522613525,
            0.2666560113430023
        ],
        [
            0.23478400707244873,
            0.247871994972229,
            0.23401600122451782,
            0.2314240038394928,
            0.24566400051116943,
            0.23756800591945648,
            0.2338559925556183,
            0.22937600314617157,
            0.23315200209617615,
            0.23843200504779816
        ],
        [
            0.23552000522613525,
            0.2519040107727051,
            0.23846399784088135,
            0.23615999519824982,
            0.2531839907169342,
            0.24607999622821808,
            0.23552000522613525,
            0.2314240038394928,
            0.22988800704479218,
            0.26214399933815
        ],
        [
            0.23552000522613525,
            0.248416006565094,
            0.2505919933319092,
            0.23712000250816345,
            0.2547520101070404,
            0.25068798661231995,
            0.23372800648212433,
            0.23004800081253052,
            0.23465600609779358,
            0.2717120051383972
        ]
    ]
}