{
    "world_size": 2,
    "tensor_size_mb": 1024,
    "use_gloo": false,
    "warmup_iters": 5,
    "benchmark_iters": 10,
    "output": [
        [
            93.29049682617188,
            99.58809661865234,
            92.93209838867188,
            98.52960205078125,
            99.1328353881836,
            98.26927947998047,
            93.16966247558594,
            98.51110076904297,
            99.22172546386719,
            99.62287902832031
        ],
        [
            93.33462524414062,
            99.67001342773438,
            92.94601440429688,
            98.55590057373047,
            99.0519027709961,
            98.2347183227539,
            93.3416976928711,
            98.47193908691406,
            99.21331024169922,
            99.42384338378906
        ]
    ]
}