{
    "world_size": 8,
    "tensor_size_mb": 100,
    "use_gloo": false,
    "warmup_iters": 5,
    "benchmark_iters": 10,
    "output": [
        [
            20.977664947509766,
            20.969472885131836,
            21.069984436035156,
            20.98236846923828,
            20.931167602539062,
            21.015520095825195,
            20.901887893676758,
            20.86476707458496,
            20.928064346313477,
            20.934303283691406
        ],
        [
            20.97315216064453,
            20.961727142333984,
            21.054527282714844,
            20.975616455078125,
            20.923328399658203,
            21.004287719726562,
            20.901887893676758,
            20.873695373535156,
            20.9267520904541,
            20.905759811401367
        ],
        [
            20.96188735961914,
            20.98441505432129,
            21.0163516998291,
            20.980480194091797,
            20.824064254760742,
            20.986080169677734,
            20.900768280029297,
            20.87321662902832,
            20.918560028076172,
            20.9039363861084
        ],
        [
            20.991968154907227,
            20.977792739868164,
            21.02956771850586,
            20.96723175048828,
            20.932607650756836,
            20.983903884887695,
            20.921152114868164,
            20.86911964416504,
            20.912128448486328,
            20.904800415039062
        ],
        [
            21.00489616394043,
            20.966880798339844,
            21.02822494506836,
            20.976192474365234,
            20.925600051879883,
            20.99238395690918,
            20.93065643310547,
            20.845375061035156,
            20.914335250854492,
            20.89664077758789
        ],
        [
            20.967424392700195,
            20.99135971069336,
            21.004287719726562,
            20.97907257080078,
            20.961280822753906,
            20.986560821533203,
            20.789600372314453,
            20.865087509155273,
            20.912128448486328,
            20.897855758666992
        ],
        [
            20.981760025024414,
            20.96953582763672,
            21.058176040649414,
            20.98409652709961,
            20.935136795043945,
            21.017919540405273,
            20.903488159179688,
            20.875263214111328,
            20.926719665527344,
            20.921728134155273
        ],
        [
            20.9768009185791,
            20.970111846923828,
            21.069503784179688,
            20.983871459960938,
            20.928512573242188,
            21.01862335205078,
            20.903423309326172,
            20.86911964416504,
            20.928512573242188,
            20.932607650756836
        ]
    ]
}