{
    "world_size": 4,
    "tensor_size_mb": 1024,
    "use_gloo": false,
    "warmup_iters": 5,
    "benchmark_iters": 10,
    "output": [
        [
            148.01107788085938,
            148.10365295410156,
            148.09593200683594,
            148.0911407470703,
            148.0499267578125,
            146.3791961669922,
            148.0765380859375,
            147.91098022460938,
            148.2882537841797,
            148.2527313232422
        ],
        [
            148.02166748046875,
            148.04579162597656,
            148.1912384033203,
            148.072998046875,
            148.091064453125,
            146.25587463378906,
            148.0899200439453,
            147.9700469970703,
            148.32208251953125,
            148.58851623535156
        ],
        [
            148.00778198242188,
            148.09580993652344,
            148.03765869140625,
            148.01715087890625,
            148.0281219482422,
            145.8504638671875,
            148.07431030273438,
            147.9407958984375,
            148.17738342285156,
            148.56857299804688
        ],
        [
            147.6545867919922,
            148.0990753173828,
            148.1543731689453,
            148.17538452148438,
            148.0960693359375,
            146.4213409423828,
            148.02764892578125,
            147.96035766601562,
            148.31219482421875,
            148.57626342773438
        ]
    ]
}