{
    "world_size": 2,
    "tensor_size_mb": 10,
    "use_gloo": false,
    "warmup_iters": 5,
    "benchmark_iters": 10,
    "output": [
        [
            1.0479999780654907,
            1.0442880392074585,
            1.0903680324554443,
            1.0467519760131836,
            1.0444799661636353,
            1.0269440412521362,
            1.0493760108947754,
            1.0444799661636353,
            1.0333119630813599,
            1.056831955909729
        ],
        [
            1.051967978477478,
            1.0484479665756226,
            1.1223039627075195,
            1.0506240129470825,
            1.0465279817581177,
            1.0355199575424194,
            1.0471359491348267,
            1.0443840026855469,
            1.0380799770355225,
            1.0506240129470825
        ]
    ]
}