{
    "world_size": 2,
    "tensor_size_mb": 1,
    "use_gloo": false,
    "warmup_iters": 5,
    "benchmark_iters": 10,
    "output": [
        [
            0.15561600029468536,
            0.14457599818706512,
            0.14166399836540222,
            0.14377599954605103,
            0.1488640010356903,
            0.14131200313568115,
            0.14745600521564484,
            0.14393599331378937,
            0.1475519984960556,
            0.1446080058813095
        ],
        [
            0.15299199521541595,
            0.14524799585342407,
            0.1430400013923645,
            0.14377599954605103,
            0.14745600521564484,
            0.14211200177669525,
            0.14787200093269348,
            0.1446399986743927,
            0.1475200057029724,
            0.14131200313568115
        ]
    ]
}