iter,step_time(ms),comm_time(ms)
warmup0,5139.7666015625,486.40203857421875
warmup1,1123.9510498046875,490.93634033203125
bench0,1102.6102294921875,490.66400146484375
bench1,1103.9559326171875,487.969482421875
bench2,1104.4617919921875,487.8427734375
bench3,1104.3251953125,490.3162841796875
bench4,1105.0245361328125,490.9916076660156
avg,1104.075537109375,489.55682983398435
std,0.8091418722212526,1.36519950833091
