iter,step_time(ms),comm_time(ms)
warmup0,5258.623046875,513.9679565429688
warmup1,1113.51904296875,484.4540100097656
bench0,1100.5545654296875,486.2567443847656
bench1,1101.46337890625,487.3564147949219
bench2,1104.24267578125,487.4651794433594
bench3,1103.4876708984375,487.37005615234375
bench4,1103.572998046875,486.74920654296875
avg,1102.6642578125,487.0395202636719
std,1.4062811458105524,0.4664508522694418
