{
    "world_size": 2,
    "tensor_size_mb": 1024,
    "use_gloo": false,
    "warmup_iters": 5,
    "benchmark_iters": 10,
    "output": [
        [
            99.23808288574219,
            98.91020965576172,
            100.19033813476562,
            98.57177734375,
            99.08633422851562,
            99.17852783203125,
            98.96160125732422,
            98.88768005371094,
            97.01580810546875,
            99.30121612548828
        ],
        [
            99.31980895996094,
            98.9365463256836,
            99.62290954589844,
            98.69459533691406,
            99.06304168701172,
            99.1568603515625,
            98.97801971435547,
            98.90806579589844,
            97.02217864990234,
            99.31024169921875
        ]
    ]
}