{
    "world_size": 8,
    "tensor_size_mb": 1,
    "use_gloo": false,
    "warmup_iters": 5,
    "benchmark_iters": 10,
    "output": [
        [
            0.24803200364112854,
            0.25968000292778015,
            0.23590399324893951,
            0.2438720017671585,
            0.22896000742912292,
            0.23980799317359924,
            0.234047994017601,
            0.24400000274181366,
            0.25596800446510315,
            0.22140799462795258
        ],
        [
            0.2535040080547333,
            0.2588160037994385,
            0.24166400730609894,
            0.2486719936132431,
            0.23475199937820435,
            0.2500799894332886,
            0.2356480062007904,
            0.24499200284481049,
            0.2568959891796112,
            0.24662399291992188
        ],
        [
            0.2539519965648651,
            0.2598719894886017,
            0.24160000681877136,
            0.24969600141048431,
            0.23241600394248962,
            0.24851199984550476,
            0.234592005610466,
            0.24166400730609894,
            0.2555840015411377,
            0.24348799884319305
        ],
        [
            0.2519040107727051,
            0.25600001215934753,
            0.24988800287246704,
            0.2512640058994293,
            0.2330559939146042,
            0.25014400482177734,
            0.23449599742889404,
            0.23926399648189545,
            0.2553919851779938,
            0.2457599937915802
        ],
        [
            0.24982400238513947,
            0.24633599817752838,
            0.24326400458812714,
            0.2519040107727051,
            0.23190400004386902,
            0.24774399399757385,
            0.23615999519824982,
            0.24166400730609894,
            0.25600001215934753,
            0.24172799289226532
        ],
        [
            0.2457599937915802,
            0.25600001215934753,
            0.2471040040254593,
            0.25360000133514404,
            0.23257599771022797,
            0.2500160038471222,
            0.2311680018901825,
            0.24566400051116943,
            0.2499839961528778,
            0.24780799448490143
        ],
        [
            0.24278399348258972,
            0.25331199169158936,
            0.22303999960422516,
            0.24540799856185913,
            0.22153599560260773,
            0.235167995095253,
            0.22947199642658234,
            0.24028800427913666,
            0.2457599937915802,
            0.22393600642681122
        ],
        [
            0.2476159930229187,
            0.2542720139026642,
            0.23632000386714935,
            0.2295999974012375,
            0.22937600314617157,
            0.23977600038051605,
            0.23347200453281403,
            0.24313600361347198,
            0.2519040107727051,
            0.23347200453281403
        ]
    ]
}