{
    "world_size": 4,
    "tensor_size_mb": 1,
    "use_gloo": false,
    "warmup_iters": 5,
    "benchmark_iters": 10,
    "output": [
        [
            0.19660800695419312,
            0.19808000326156616,
            0.20454399287700653,
            0.19660800695419312,
            0.19404800236225128,
            0.19142399728298187,
            0.19017599523067474,
            0.1987839937210083,
            0.19379200041294098,
            0.19404800236225128
        ],
        [
            0.1945600062608719,
            0.19660800695419312,
            0.20416000485420227,
            0.19068799912929535,
            0.19260799884796143,
            0.1919039934873581,
            0.18783999979496002,
            0.1971839964389801,
            0.19251200556755066,
            0.19046400487422943
        ],
        [
            0.208639994263649,
            0.20640000700950623,
            0.20748800039291382,
            0.19059200584888458,
            0.19382399320602417,
            0.19407999515533447,
            0.18880000710487366,
            0.20259200036525726,
            0.19676800072193146,
            0.19766399264335632
        ],
        [
            0.2027519941329956,
            0.20127999782562256,
            0.20467199385166168,
            0.19472000002861023,
            0.19414399564266205,
            0.1907840073108673,
            0.18876799941062927,
            0.2025279998779297,
            0.19756799936294556,
            0.19571200013160706
        ]
    ]
}