{
    "world_size": 4,
    "tensor_size_mb": 100,
    "use_gloo": false,
    "warmup_iters": 5,
    "benchmark_iters": 10,
    "output": [
        [
            14.559455871582031,
            14.630975723266602,
            14.59609603881836,
            14.588191986083984,
            14.594559669494629,
            14.563103675842285,
            14.584159851074219,
            14.620575904846191,
            14.508831977844238,
            14.553088188171387
        ],
        [
            14.557600021362305,
            14.643199920654297,
            14.59609603881836,
            14.593791961669922,
            14.597023963928223,
            14.56332778930664,
            14.581024169921875,
            14.610015869140625,
            14.520159721374512,
            14.572287559509277
        ],
        [
            14.559040069580078,
            14.630111694335938,
            14.57472038269043,
            14.577664375305176,
            14.595999717712402,
            14.567423820495605,
            14.577312469482422,
            14.617024421691895,
            14.503744125366211,
            14.565376281738281
        ],
        [
            14.548992156982422,
            14.614496231079102,
            14.605183601379395,
            14.58790397644043,
            14.59609603881836,
            14.581119537353516,
            14.578335762023926,
            14.626175880432129,
            14.494272232055664,
            14.580415725708008
        ]
    ]
}