{
    "world_size": 2,
    "tensor_size_mb": 100,
    "use_gloo": false,
    "warmup_iters": 5,
    "benchmark_iters": 10,
    "output": [
        [
            9.91436767578125,
            9.890591621398926,
            9.96127986907959,
            10.008576393127441,
            9.967040061950684,
            9.87161636352539,
            9.936320304870605,
            9.931872367858887,
            9.738016128540039,
            9.961759567260742
        ],
        [
            9.865216255187988,
            9.91641616821289,
            9.97651195526123,
            9.971712112426758,
            10.001055717468262,
            9.857536315917969,
            9.953280448913574,
            9.893664360046387,
            9.757311820983887,
            9.964799880981445
        ]
    ]
}