{
    "world_size": 2,
    "tensor_size_mb": 1,
    "use_gloo": false,
    "warmup_iters": 5,
    "benchmark_iters": 10,
    "output": [
        [
            0.173567995429039,
            0.16463999450206757,
            0.1494400054216385,
            0.14950400590896606,
            0.1523520052433014,
            0.15360000729560852,
            0.15360000729560852,
            0.14950400590896606,
            0.1515520066022873,
            0.15331199765205383
        ],
        [
            0.1624639928340912,
            0.16358399391174316,
            0.14617599546909332,
            0.1496639996767044,
            0.15360000729560852,
            0.15167999267578125,
            0.15360000729560852,
            0.14950400590896606,
            0.15068799257278442,
            0.1526080071926117
        ]
    ]
}