{
    "world_size": 2,
    "tensor_size_mb": 1000,
    "use_gloo": false,
    "warmup_iters": 5,
    "benchmark_iters": 10,
    "output": [
        [
            96.6181411743164,
            95.04508972167969,
            95.85247802734375,
            97.00950622558594,
            97.17955017089844,
            96.80429077148438,
            96.98780822753906,
            95.59849548339844,
            97.0383071899414,
            91.19497680664062
        ],
        [
            96.6750717163086,
            95.02381134033203,
            95.8307876586914,
            97.00556945800781,
            97.13209533691406,
            96.77823638916016,
            97.09158325195312,
            95.55193328857422,
            97.08051300048828,
            91.1352310180664
        ]
    ]
}