{
    "world_size": 4,
    "tensor_size_mb": 10,
    "use_gloo": false,
    "warmup_iters": 5,
    "benchmark_iters": 10,
    "output": [
        [
            1.515104055404663,
            1.5339200496673584,
            1.522752046585083,
            1.5007679462432861,
            1.5215359926223755,
            1.5080000162124634,
            1.5077439546585083,
            1.5131839513778687,
            1.512287974357605,
            1.5236159563064575
        ],
        [
            1.5206079483032227,
            1.5414079427719116,
            1.5368640422821045,
            1.5129280090332031,
            1.5298559665679932,
            1.519935965538025,
            1.5092799663543701,
            1.5126399993896484,
            1.5175679922103882,
            1.546239972114563
        ],
        [
            1.5138239860534668,
            1.5032960176467896,
            1.552575945854187,
            1.51145601272583,
            1.5214719772338867,
            1.5073280334472656,
            1.5030720233917236,
            1.5067839622497559,
            1.5189440250396729,
            1.51145601272583
        ],
        [
            1.514016032218933,
            1.5202879905700684,
            1.5431679487228394,
            1.520095944404602,
            1.5242559909820557,
            1.5351359844207764,
            1.5099519491195679,
            1.511423945426941,
            1.5052800178527832,
            1.540511965751648
        ]
    ]
}