{
    "world_size": 8,
    "tensor_size_mb": 10,
    "use_gloo": false,
    "warmup_iters": 5,
    "benchmark_iters": 10,
    "output": [
        [
            2.1552000045776367,
            2.1585919857025146,
            2.1688320636749268,
            2.1626880168914795,
            2.1412160396575928,
            2.1560959815979004,
            2.138432025909424,
            2.136064052581787,
            2.1213760375976562,
            2.160640001296997
        ],
        [
            2.1377921104431152,
            2.1797759532928467,
            2.1491520404815674,
            2.1975040435791016,
            2.0848639011383057,
            2.1483519077301025,
            2.1483519077301025,
            2.1282880306243896,
            2.1240320205688477,
            2.1804800033569336
        ],
        [
            2.1381120681762695,
            2.159359931945801,
            2.130079984664917,
            2.1975040435791016,
            2.113248109817505,
            2.117408037185669,
            2.140160083770752,
            2.124703884124756,
            2.1505279541015625,
            2.15449595451355
        ],
        [
            2.1397440433502197,
            2.141695976257324,
            2.097536087036133,
            2.2153921127319336,
            2.1198079586029053,
            2.111680030822754,
            2.2277441024780273,
            2.0782721042633057,
            2.162208080291748,
            2.133631944656372
        ],
        [
            2.144416093826294,
            2.1510400772094727,
            2.105247974395752,
            2.1811840534210205,
            2.1176319122314453,
            2.148927927017212,
            2.115583896636963,
            2.105247974395752,
            2.210815906524658,
            2.0924160480499268
        ],
        [
            2.1626880168914795,
            2.146559953689575,
            2.1790719032287598,
            2.1885759830474854,
            2.12556791305542,
            2.1443519592285156,
            2.1243839263916016,
            2.1387839317321777,
            2.1418240070343018,
            2.181567907333374
        ],
        [
            2.145695924758911,
            2.1742401123046875,
            2.1664319038391113,
            2.203808069229126,
            2.0930559635162354,
            2.1716160774230957,
            2.1340479850769043,
            2.1279680728912354,
            2.1296958923339844,
            2.1975040435791016
        ],
        [
            2.1667840480804443,
            2.14630389213562,
            2.1586880683898926,
            2.1524479389190674,
            2.140160083770752,
            2.145087957382202,
            2.142080068588257,
            2.136064052581787,
            2.121824026107788,
            2.142848014831543
        ]
    ]
}