{
    "world_size": 2,
    "tensor_size_mb": 10,
    "use_gloo": false,
    "warmup_iters": 5,
    "benchmark_iters": 10,
    "output": [
        [
            1.0392320156097412,
            1.0572799444198608,
            1.042080044746399,
            1.0503360033035278,
            1.034175992012024,
            1.043936014175415,
            1.0567679405212402,
            1.0506240129470825,
            1.039039969444275,
            1.04038405418396
        ],
        [
            1.033951997756958,
            1.0623040199279785,
            1.055008053779602,
            1.052672028541565,
            1.04038405418396,
            1.0485759973526,
            1.0547200441360474,
            1.053439974784851,
            1.0485759973526,
            1.044319987297058
        ]
    ]
}