{
    "world_size": 8,
    "tensor_size_mb": 1024,
    "use_gloo": false,
    "warmup_iters": 5,
    "benchmark_iters": 10,
    "output": [
        [
            211.0873565673828,
            213.3625946044922,
            210.77442932128906,
            210.80335998535156,
            211.75144958496094,
            211.26629638671875,
            211.37939453125,
            211.01568603515625,
            212.44998168945312,
            211.71072387695312
        ],
        [
            211.33311462402344,
            213.1558380126953,
            210.8600311279297,
            210.8026885986328,
            211.78378295898438,
            211.5529022216797,
            211.41162109375,
            211.0118408203125,
            212.45350646972656,
            211.6880645751953
        ],
        [
            211.26063537597656,
            213.4036407470703,
            210.85548400878906,
            210.8026885986328,
            211.51907348632812,
            211.54640197753906,
            211.39456176757812,
            211.0011444091797,
            212.457763671875,
            211.6881561279297
        ],
        [
            211.31443786621094,
            213.44256591796875,
            210.8368377685547,
            210.8211212158203,
            211.83065795898438,
            211.54322814941406,
            211.40133666992188,
            210.9357452392578,
            212.2698516845703,
            211.7239990234375
        ],
        [
            210.95391845703125,
            213.3681640625,
            210.19459533691406,
            210.7635498046875,
            211.81190490722656,
            211.3936309814453,
            211.37350463867188,
            210.9582061767578,
            212.2921905517578,
            211.86151123046875
        ],
        [
            211.25733947753906,
            213.35040283203125,
            210.8723907470703,
            210.5852813720703,
            211.85125732421875,
            211.5542755126953,
            211.27708435058594,
            211.00502014160156,
            212.45132446289062,
            211.7038116455078
        ],
        [
            211.3125762939453,
            213.3790740966797,
            210.86614990234375,
            210.80950927734375,
            211.84921264648438,
            211.24403381347656,
            211.41293334960938,
            211.01568603515625,
            212.4496307373047,
            211.69151306152344
        ],
        [
            211.2789764404297,
            213.3632049560547,
            210.84701538085938,
            210.81190490722656,
            211.87353515625,
            211.5674285888672,
            211.3843231201172,
            210.88015747070312,
            211.47442626953125,
            211.67581176757812
        ]
    ]
}