{
    "world_size": 8,
    "tensor_size_mb": 1000,
    "use_gloo": false,
    "warmup_iters": 5,
    "benchmark_iters": 10,
    "output": [
        [
            209.2250213623047,
            207.4048309326172,
            207.3500213623047,
            207.31564331054688,
            207.14906311035156,
            210.1104278564453,
            207.3805389404297,
            207.10108947753906,
            207.8585968017578,
            207.1900177001953
        ],
        [
            209.13107299804688,
            207.6958770751953,
            207.3098907470703,
            207.00160217285156,
            207.09571838378906,
            210.09901428222656,
            206.52365112304688,
            207.08370971679688,
            207.82057189941406,
            207.18386840820312
        ],
        [
            209.2467803955078,
            207.58872985839844,
            207.37875366210938,
            207.33541870117188,
            207.14108276367188,
            210.1181182861328,
            207.536865234375,
            207.09727478027344,
            207.876220703125,
            207.19993591308594
        ],
        [
            209.24627685546875,
            207.4532470703125,
            207.3737030029297,
            207.27264404296875,
            206.99644470214844,
            210.07664489746094,
            207.1531524658203,
            207.1188201904297,
            207.2408905029297,
            207.16995239257812
        ],
        [
            209.25897216796875,
            207.66514587402344,
            207.37388610839844,
            207.2406005859375,
            207.0665283203125,
            209.12127685546875,
            207.5279083251953,
            207.07122802734375,
            207.85562133789062,
            207.1925506591797
        ],
        [
            209.14175415039062,
            207.70867919921875,
            207.14906311035156,
            207.3363494873047,
            207.09475708007812,
            210.1279754638672,
            207.5741729736328,
            206.87574768066406,
            207.86585998535156,
            207.19290161132812
        ],
        [
            209.25030517578125,
            207.30691528320312,
            207.3513946533203,
            207.33541870117188,
            207.13711547851562,
            210.12985229492188,
            207.56246948242188,
            207.1018829345703,
            207.8602294921875,
            207.20640563964844
        ],
        [
            209.18019104003906,
            207.7163543701172,
            207.3476104736328,
            207.3190460205078,
            207.14906311035156,
            210.00265502929688,
            207.55226135253906,
            207.10195922851562,
            207.8597412109375,
            207.16851806640625
        ]
    ]
}