{
    "world_size": 8,
    "tensor_size_mb": 100,
    "use_gloo": false,
    "warmup_iters": 5,
    "benchmark_iters": 10,
    "output": [
        [
            21.178144454956055,
            20.994176864624023,
            21.176319122314453,
            21.0817928314209,
            20.957183837890625,
            21.06710433959961,
            21.233600616455078,
            21.000192642211914,
            21.120800018310547,
            21.047168731689453
        ],
        [
            21.225887298583984,
            20.99785614013672,
            21.19321632385254,
            21.080415725708008,
            20.984703063964844,
            21.096704483032227,
            21.2554874420166,
            21.01862335205078,
            21.146015167236328,
            21.07391929626465
        ],
        [
            21.235776901245117,
            21.007295608520508,
            21.170175552368164,
            21.08620834350586,
            20.980064392089844,
            21.082719802856445,
            21.235519409179688,
            21.035104751586914,
            21.129215240478516,
            21.06719970703125
        ],
        [
            21.236799240112305,
            21.030912399291992,
            21.1680965423584,
            21.06982421875,
            21.028287887573242,
            21.09440040588379,
            21.227519989013672,
            21.03081512451172,
            21.125120162963867,
            21.10259246826172
        ],
        [
            21.254528045654297,
            20.996063232421875,
            21.174272537231445,
            21.07891273498535,
            21.032960891723633,
            21.098495483398438,
            21.2193603515625,
            21.036832809448242,
            21.125503540039062,
            21.097984313964844
        ],
        [
            21.241920471191406,
            21.009248733520508,
            21.153888702392578,
            21.100095748901367,
            20.981760025024414,
            21.086048126220703,
            21.22492790222168,
            21.033184051513672,
            21.129215240478516,
            21.066015243530273
        ],
        [
            21.21561622619629,
            21.01203155517578,
            21.19171142578125,
            21.09209632873535,
            20.987903594970703,
            21.095232009887695,
            21.2541446685791,
            21.0163516998291,
            21.14633560180664,
            21.0798397064209
        ],
        [
            21.163423538208008,
            20.98918342590332,
            21.19113540649414,
            21.0882568359375,
            20.955135345458984,
            21.071199417114258,
            21.23161506652832,
            21.000192642211914,
            21.120927810668945,
            21.05344009399414
        ]
    ]
}