{
    "world_size": 4,
    "tensor_size_mb": 1000,
    "use_gloo": false,
    "warmup_iters": 5,
    "benchmark_iters": 10,
    "output": [
        [
            144.36163330078125,
            144.14700317382812,
            144.08163452148438,
            144.32870483398438,
            144.42300415039062,
            144.18637084960938,
            144.14700317382812,
            145.76602172851562,
            144.3778533935547,
            144.28775024414062
        ],
        [
            144.39219665527344,
            144.05014038085938,
            144.068603515625,
            144.259521484375,
            144.54502868652344,
            144.21827697753906,
            144.1590118408203,
            144.70556640625,
            144.31683349609375,
            144.3140869140625
        ],
        [
            144.40850830078125,
            144.0010223388672,
            144.1057891845703,
            144.38470458984375,
            144.57846069335938,
            144.2222137451172,
            144.1544952392578,
            145.77352905273438,
            144.24269104003906,
            144.28775024414062
        ],
        [
            144.366943359375,
            144.1204833984375,
            144.07066345214844,
            144.34713745117188,
            144.44134521484375,
            144.1927032470703,
            144.15667724609375,
            145.61878967285156,
            144.3871612548828,
            144.2590789794922
        ]
    ]
}