{
    "world_size": 4,
    "tensor_size_mb": 1024,
    "use_gloo": false,
    "warmup_iters": 5,
    "benchmark_iters": 10,
    "output": [
        [
            146.4298553466797,
            145.88723754882812,
            148.11737060546875,
            148.16053771972656,
            147.86367797851562,
            148.89625549316406,
            145.53907775878906,
            148.05340576171875,
            145.90963745117188,
            148.0740509033203
        ],
        [
            146.40985107421875,
            145.8607635498047,
            148.14230346679688,
            148.21702575683594,
            147.86160278320312,
            148.92405700683594,
            145.57359313964844,
            148.01922607421875,
            145.93638610839844,
            148.0622100830078
        ],
        [
            146.4463348388672,
            145.80233764648438,
            148.0918426513672,
            148.28749084472656,
            147.70188903808594,
            148.87680053710938,
            145.68841552734375,
            147.95526123046875,
            146.00396728515625,
            147.967041015625
        ],
        [
            146.3052215576172,
            145.8922576904297,
            147.8720245361328,
            148.36349487304688,
            147.8533172607422,
            148.15887451171875,
            145.55136108398438,
            148.00575256347656,
            145.77952575683594,
            148.01248168945312
        ]
    ]
}