{
    "world_size": 8,
    "tensor_size_mb": 1024,
    "use_gloo": true,
    "warmup_iters": 5,
    "benchmark_iters": 10,
    "output": [
        [
            1890.4746156185865,
            1808.9842330664396,
            1922.3162308335304,
            1822.3867397755384,
            1905.2634499967098,
            1755.8663226664066,
            1854.878170415759,
            1858.0706007778645,
            1880.1816366612911,
            1899.9587707221508
        ],
        [
            1890.195019543171,
            1809.0259619057178,
            1922.595338895917,
            1821.6973282396793,
            1905.4076541215181,
            1756.287507712841,
            1854.174179956317,
            1858.7182145565748,
            1878.7268660962582,
            1901.9457027316093
        ],
        [
            1889.7733744233847,
            1809.889316558838,
            1922.6980227977037,
            1821.5812481939793,
            1906.1072636395693,
            1754.9392711371183,
            1853.6469545215368,
            1859.7488291561604,
            1880.0208009779453,
            1900.6543532013893
        ],
        [
            1889.9798318743706,
            1809.6237033605576,
            1922.7984212338924,
            1821.744056418538,
            1906.5004289150238,
            1752.8858222067356,
            1855.2409764379263,
            1859.1051939874887,
            1880.8740209788084,
            1900.4410617053509
        ],
        [
            1889.939095824957,
            1809.7953964024782,
            1922.2597237676382,
            1822.3816398531199,
            1906.400628387928,
            1752.2734850645065,
            1856.1720736324787,
            1858.8334210217,
            1881.0771964490414,
            1900.2096839249134
        ],
        [
            1892.1438083052635,
            1808.6901288479567,
            1922.7439276874065,
            1822.0851384103298,
            1906.695557758212,
            1752.0212586969137,
            1856.3343398272991,
            1857.8659445047379,
            1883.1321354955435,
            1899.087805300951
        ],
        [
            1892.0465558767319,
            1808.5924051702023,
            1922.697139903903,
            1822.239140048623,
            1906.2718469649553,
            1754.5231822878122,
            1855.0191074609756,
            1857.7509447932243,
            1882.5145699083805,
            1898.8200705498457
        ],
        [
            1891.0216521471739,
            1807.309027761221,
            1923.7991087138653,
            1822.15834595263,
            1906.4205456525087,
            1754.8824045807123,
            1854.8363409936428,
            1858.154520392418,
            1881.492380052805,
            1899.2720823734999
        ]
    ]
}