{
    "world_size": 8,
    "tensor_size_mb": 10,
    "use_gloo": true,
    "warmup_iters": 5,
    "benchmark_iters": 10,
    "output": [
        [
            17.245544120669365,
            18.298884853720665,
            16.32785052061081,
            18.304994329810143,
            18.78262683749199,
            21.368201822042465,
            20.765742287039757,
            20.0198944658041,
            20.14046162366867,
            21.75998128950596
        ],
        [
            17.445530742406845,
            18.30998621881008,
            16.304828226566315,
            18.048642203211784,
            19.157005473971367,
            21.327365189790726,
            20.6914022564888,
            20.299671217799187,
            19.244177266955376,
            22.825712338089943
        ],
        [
            17.764322459697723,
            18.123332411050797,
            17.148971557617188,
            17.731644213199615,
            19.42438818514347,
            20.395414903759956,
            21.009132266044617,
            20.45433409512043,
            19.298359751701355,
            23.20157364010811
        ],
        [
            17.107432708144188,
            17.59262941777706,
            18.76472309231758,
            17.53661409020424,
            18.872098997235298,
            20.215675234794617,
            21.0938211530447,
            21.373972296714783,
            18.987717106938362,
            22.98402227461338
        ],
        [
            17.55141280591488,
            17.209667712450027,
            18.73105950653553,
            17.52234809100628,
            19.04830150306225,
            20.22123523056507,
            20.86782641708851,
            21.39544114470482,
            19.929884001612663,
            21.609406918287277
        ],
        [
            17.75597780942917,
            17.72674173116684,
            17.8522989153862,
            17.527617514133453,
            19.39566619694233,
            20.62561735510826,
            20.241754129529,
            21.47802896797657,
            20.050523802638054,
            21.131182089447975
        ],
        [
            17.737071961164474,
            18.14391277730465,
            16.815342009067535,
            17.837410792708397,
            19.635461270809174,
            21.1297906935215,
            19.62082087993622,
            21.282440051436424,
            20.480705425143242,
            21.316614001989365
        ],
        [
            16.97552390396595,
            18.25890876352787,
            16.795333474874496,
            18.17765273153782,
            19.140172749757767,
            21.377339959144592,
            19.777867943048477,
            20.955851301550865,
            20.220763981342316,
            21.258212625980377
        ]
    ]
}