{
    "world_size": 2,
    "tensor_size_mb": 1024,
    "use_gloo": true,
    "warmup_iters": 5,
    "benchmark_iters": 10,
    "output": [
        [
            925.4147689789534,
            905.0587583333254,
            908.9717492461205,
            898.8517262041569,
            908.8853485882282,
            892.3059720546007,
            912.5634245574474,
            899.438364431262,
            907.6266009360552,
            903.7957340478897
        ],
        [
            925.7752019912004,
            904.9832560122013,
            908.7670650333166,
            898.7926952540874,
            908.9370258152485,
            892.5128523260355,
            912.2605342417955,
            899.4559161365032,
            907.8216180205345,
            903.6479461938143
        ]
    ]
}