{
    "world_size": 4,
    "tensor_size_mb": 1,
    "use_gloo": true,
    "warmup_iters": 5,
    "benchmark_iters": 10,
    "output": [
        [
            1.7668195068836212,
            1.553533598780632,
            1.8031559884548187,
            1.5317946672439575,
            1.9895806908607483,
            1.51742622256279,
            1.729235053062439,
            1.4035813510417938,
            1.7065349966287613,
            1.4715604484081268
        ],
        [
            1.7109233886003494,
            1.647312194108963,
            1.7678402364253998,
            1.601625233888626,
            1.8111523240804672,
            1.5881601721048355,
            1.7910730093717575,
            1.4246609061956406,
            1.5887096524238586,
            1.6679205000400543
        ],
        [
            1.827150583267212,
            1.5472304075956345,
            1.7083361744880676,
            1.675514504313469,
            1.9268598407506943,
            1.5336349606513977,
            1.7415918409824371,
            1.4027077704668045,
            1.69462151825428,
            1.561138778924942
        ],
        [
            1.882363110780716,
            1.5131067484617233,
            1.7813332378864288,
            1.633794978260994,
            1.944221556186676,
            1.5181079506874084,
            1.6615688800811768,
            1.4900527894496918,
            1.7167609184980392,
            1.509571447968483
        ]
    ]
}