{
    "world_size": 4,
    "tensor_size_mb": 100,
    "use_gloo": true,
    "warmup_iters": 5,
    "benchmark_iters": 10,
    "output": [
        [
            136.7685552686453,
            130.5458229035139,
            145.0765673071146,
            132.28468596935272,
            142.27703027427197,
            144.0042331814766,
            144.47695389389992,
            149.23173561692238,
            158.59057568013668,
            145.88017761707306
        ],
        [
            136.41552068293095,
            130.76352141797543,
            145.5048080533743,
            131.6977385431528,
            142.55251921713352,
            143.66441033780575,
            144.82746832072735,
            149.45474825799465,
            158.5900131613016,
            145.69474384188652
        ],
        [
            137.1756326407194,
            130.1769856363535,
            145.70866152644157,
            131.93277083337307,
            141.6904516518116,
            143.92581395804882,
            144.69854533672333,
            149.81460757553577,
            158.5327461361885,
            145.5851886421442
        ],
        [
            137.36415095627308,
            130.4174605756998,
            145.1224461197853,
            132.28026777505875,
            141.44563116133213,
            144.37658712267876,
            144.747756421566,
            149.85382184386253,
            158.3386082202196,
            145.30358836054802
        ]
    ]
}