{
    "world_size": 2,
    "tensor_size_mb": 100,
    "use_gloo": false,
    "warmup_iters": 5,
    "benchmark_iters": 10,
    "output": [
        [
            2.8923840522766113,
            2.9152638912200928,
            2.8733439445495605,
            2.8741118907928467,
            2.8877439498901367,
            2.8680639266967773,
            2.8979198932647705,
            2.858464002609253,
            2.897631883621216,
            2.8793280124664307
        ],
        [
            2.9081599712371826,
            2.9122560024261475,
            2.8693759441375732,
            2.855583906173706,
            2.9074881076812744,
            2.865920066833496,
            2.8983678817749023,
            2.8646399974823,
            2.873120069503784,
            2.8932480812072754
        ]
    ]
}