{
    "world_size": 2,
    "tensor_size_mb": 100,
    "use_gloo": true,
    "warmup_iters": 5,
    "benchmark_iters": 10,
    "output": [
        [
            104.60339114069939,
            106.32685385644436,
            108.4129847586155,
            107.19261318445206,
            102.57231257855892,
            106.18842393159866,
            104.01071049273014,
            106.24716617166996,
            105.87211512029171,
            106.72343336045742
        ],
        [
            104.72451895475388,
            106.29651881754398,
            108.48013125360012,
            106.92465305328369,
            102.8706356883049,
            106.13922029733658,
            104.03960384428501,
            106.20673932135105,
            105.70759512484074,
            106.9195456802845
        ]
    ]
}