{
    "world_size": 4,
    "tensor_size_mb": 10,
    "use_gloo": true,
    "warmup_iters": 5,
    "benchmark_iters": 10,
    "output": [
        [
            10.632414370775223,
            9.72524844110012,
            11.232277378439903,
            9.707935154438019,
            10.6526929885149,
            9.48173739016056,
            11.084675788879395,
            9.59337130188942,
            10.571157559752464,
            10.478811338543892
        ],
        [
            10.855644941329956,
            9.503671899437904,
            11.066311970353127,
            9.835409000515938,
            10.965391993522644,
            9.116249158978462,
            11.25926524400711,
            9.623628109693527,
            10.773569345474243,
            9.933782741427422
        ],
        [
            10.860791429877281,
            9.530292823910713,
            11.35609857738018,
            9.59128886461258,
            10.752188041806221,
            9.360339492559433,
            11.162864044308662,
            9.603530168533325,
            10.749975219368935,
            10.336130857467651
        ],
        [
            10.702354833483696,
            9.736791253089905,
            11.322638019919395,
            9.62226465344429,
            10.935984551906586,
            9.17726568877697,
            11.066170409321785,
            9.633004665374756,
            11.152917519211769,
            9.971275925636292
        ]
    ]
}