{
    "world_size": 8,
    "tensor_size_mb": 100,
    "use_gloo": true,
    "warmup_iters": 5,
    "benchmark_iters": 10,
    "output": [
        [
            190.7744538038969,
            174.07862842082977,
            194.49734687805176,
            195.28809748589993,
            196.30522094666958,
            190.6943190842867,
            194.10459324717522,
            182.67538398504257,
            190.5036810785532,
            184.46633778512478
        ],
        [
            191.1907009780407,
            174.18498918414116,
            193.67987290024757,
            195.04239596426487,
            196.15468755364418,
            191.14221818745136,
            195.2462401241064,
            181.07682652771473,
            190.3879139572382,
            185.48517115414143
        ],
        [
            190.95239229500294,
            174.22222718596458,
            194.58117336034775,
            194.00597736239433,
            196.55279628932476,
            190.72901643812656,
            196.1840633302927,
            180.25676533579826,
            190.19458070397377,
            185.6823544949293
        ],
        [
            189.63949009776115,
            174.9928742647171,
            194.9303038418293,
            193.1137815117836,
            197.50135019421577,
            190.12269377708435,
            196.7956479638815,
            180.9893511235714,
            189.577491953969,
            186.2351205199957
        ],
        [
            190.02714194357395,
            175.38541555404663,
            195.30067406594753,
            193.11656802892685,
            197.36991077661514,
            189.77206945419312,
            197.4473688751459,
            181.00997060537338,
            190.09330868721008,
            185.73732115328312
        ],
        [
            190.77706895768642,
            175.91898329555988,
            194.43009793758392,
            194.13353689014912,
            196.75266556441784,
            189.75882604718208,
            197.21008837223053,
            181.12622015178204,
            190.45088067650795,
            185.5998132377863
        ],
        [
            191.04665704071522,
            174.33487065136433,
            195.73581404983997,
            194.4746933877468,
            196.634441614151,
            189.49280492961407,
            197.21180386841297,
            181.06120824813843,
            190.5195340514183,
            185.32271683216095
        ],
        [
            191.47812388837337,
            173.3708418905735,
            195.1331775635481,
            195.32307609915733,
            196.53147645294666,
            190.42907282710075,
            195.45520655810833,
            181.3732460141182,
            190.7048113644123,
            184.98972617089748
        ]
    ]
}