{
    "world_size": 2,
    "tensor_size_mb": 10,
    "use_gloo": false,
    "warmup_iters": 5,
    "benchmark_iters": 10,
    "output": [
        [
            0.34406399726867676,
            0.3439039885997772,
            0.34627199172973633,
            0.34121599793434143,
            0.3429439961910248,
            0.34489598870277405,
            0.3436160087585449,
            0.35020801424980164,
            0.3420160114765167,
            0.34137600660324097
        ],
        [
            0.34832000732421875,
            0.3457280099391937,
            0.34726399183273315,
            0.3461120128631592,
            0.3476159870624542,
            0.3420160114765167,
            0.3420160114765167,
            0.343968003988266,
            0.3442240059375763,
            0.3417600095272064
        ]
    ]
}