{
    "world_size": 2,
    "tensor_size_mb": 1024,
    "use_gloo": false,
    "warmup_iters": 5,
    "benchmark_iters": 10,
    "output": [
        [
            25.251840591430664,
            25.67616081237793,
            25.812992095947266,
            26.51139259338379,
            24.769472122192383,
            24.469440460205078,
            24.534879684448242,
            24.30361557006836,
            24.665855407714844,
            25.25836753845215
        ],
        [
            25.29596710205078,
            25.696256637573242,
            25.78108787536621,
            26.698240280151367,
            24.7741756439209,
            24.445024490356445,
            24.53558349609375,
            24.287776947021484,
            24.641599655151367,
            25.297632217407227
        ]
    ]
}