{
    "world_size": 8,
    "tensor_size_mb": 1,
    "use_gloo": true,
    "warmup_iters": 5,
    "benchmark_iters": 10,
    "output": [
        [
            3.572540357708931,
            3.45519557595253,
            3.4293364733457565,
            3.500482067465782,
            3.5667382180690765,
            3.1897667795419693,
            3.445226699113846,
            3.141632303595543,
            3.5762451589107513,
            3.2134000211954117
        ],
        [
            3.2913070172071457,
            3.5769063979387283,
            3.305211663246155,
            3.6088358610868454,
            3.467809408903122,
            3.338756039738655,
            3.271479159593582,
            3.4053046256303787,
            3.33956815302372,
            3.3228863030672073
        ],
        [
            3.082605078816414,
            3.564855083823204,
            3.260510042309761,
            3.589097410440445,
            3.482479602098465,
            3.6606062203645706,
            3.0095763504505157,
            3.6251675337553024,
            3.064638003706932,
            3.5856831818819046
        ],
        [
            3.0266568064689636,
            3.5789497196674347,
            3.160901367664337,
            3.6691315472126007,
            3.345837816596031,
            3.8200262933969498,
            2.9113199561834335,
            3.7321802228689194,
            3.0312668532133102,
            3.6299284547567368
        ],
        [
            3.0118897557258606,
            3.6216098815202713,
            3.3160243183374405,
            3.5154521465301514,
            3.4987088292837143,
            3.6710742861032486,
            2.9854588210582733,
            3.648390993475914,
            3.065459430217743,
            3.621390089392662
        ],
        [
            3.3310726284980774,
            3.4010428935289383,
            3.496956080198288,
            3.3253710716962814,
            3.75325046479702,
            3.3575929701328278,
            3.273600712418556,
            3.39469313621521,
            3.3435244113206863,
            3.3248495310544968
        ],
        [
            3.604397177696228,
            3.3336766064167023,
            3.5585202276706696,
            3.364427015185356,
            3.7021320313215256,
            3.1958669424057007,
            3.4478995949029922,
            3.176530823111534,
            3.5168323665857315,
            3.1561218202114105
        ],
        [
            3.7413761019706726,
            3.452058881521225,
            3.424137830734253,
            3.4895800054073334,
            3.5791900008916855,
            3.198400139808655,
            3.451390191912651,
            3.132004290819168,
            3.5782605409622192,
            3.211265429854393
        ]
    ]
}