{
    "world_size": 2,
    "tensor_size_mb": 1,
    "use_gloo": true,
    "warmup_iters": 5,
    "benchmark_iters": 10,
    "output": [
        [
            0.9771250188350677,
            0.9714234620332718,
            1.1094361543655396,
            1.0389629751443863,
            1.0233744978904724,
            1.0914430022239685,
            1.09146349132061,
            1.171683892607689,
            1.1854805052280426,
            1.1773239821195602
        ],
        [
            1.132020726799965,
            1.064099371433258,
            1.0034143924713135,
            1.0186843574047089,
            1.0439641773700714,
            1.0596923530101776,
            1.1839251965284348,
            1.157684251666069,
            1.18248350918293,
            1.1943355202674866
        ]
    ]
}