{
    "world_size": 2,
    "tensor_size_mb": 10,
    "use_gloo": true,
    "warmup_iters": 5,
    "benchmark_iters": 10,
    "output": [
        [
            7.99962691962719,
            6.9421324878931046,
            10.562611743807793,
            10.302899405360222,
            10.297881439328194,
            10.50039567053318,
            10.374337434768677,
            10.235484689474106,
            10.13253815472126,
            10.69103367626667
        ],
        [
            8.028116077184677,
            6.76136277616024,
            10.556766763329506,
            10.193824768066406,
            10.435318574309349,
            10.589530691504478,
            10.257426649332047,
            10.227678343653679,
            10.131355375051498,
            10.852940380573273
        ]
    ]
}