{
    "world_size": 2,
    "tensor_size_mb": 1,
    "use_gloo": false,
    "warmup_iters": 5,
    "benchmark_iters": 10,
    "output": [
        [
            0.15334400534629822,
            0.15011200308799744,
            0.14950400590896606,
            0.15087999403476715,
            0.18192000687122345,
            0.15011200308799744,
            0.14979200065135956,
            0.16179199516773224,
            0.1494079977273941,
            0.16383999586105347
        ],
        [
            0.1228799968957901,
            0.12134400010108948,
            0.12176000326871872,
            0.13491199910640717,
            0.12697599828243256,
            0.12249600142240524,
            0.133215993642807,
            0.1212799996137619,
            0.1215360015630722,
            0.13609600067138672
        ]
    ]
}