{
    "world_size": 4,
    "tensor_size_mb": 1024,
    "use_gloo": true,
    "warmup_iters": 5,
    "benchmark_iters": 10,
    "output": [
        [
            1500.2895202487707,
            1539.4908655434847,
            1549.867546185851,
            1474.682793021202,
            1489.7141736000776,
            1572.0091965049505,
            1501.7684139311314,
            1569.3070124834776,
            1506.3470024615526,
            1541.738599538803
        ],
        [
            1500.763276591897,
            1539.5794305950403,
            1549.7832335531712,
            1474.5774827897549,
            1489.296667277813,
            1572.220565751195,
            1502.228843048215,
            1569.2957937717438,
            1505.5837370455265,
            1542.4156691879034
        ],
        [
            1501.2059714645147,
            1539.6927781403065,
            1549.7974939644337,
            1474.1667676717043,
            1489.9776801466942,
            1572.2261294722557,
            1502.1895486861467,
            1568.4815049171448,
            1505.4245293140411,
            1541.738297790289
        ],
        [
            1500.296352431178,
            1539.1255468130112,
            1550.869969651103,
            1473.9202912896872,
            1489.827260375023,
            1571.9067342579365,
            1502.308800816536,
            1568.7752086669207,
            1506.4405389130116,
            1541.4923168718815
        ]
    ]
}